ZIP Code,Llama Similarity (%),Mixtral Similarity (%),Llama-Mixtral Similarity with Contiguity (%),Llama-Mixtral Similarity without Contiguity (%)
92101,70.27777777777779,90.0,72.22222222222223,92.25
92091,76.66666666666667,88.88888888888889,39.66666666666667,81.25
92093,87.87593984962406,90.9090909090909,87.14285714285714,92.85714285714286
